record_id,measure_id,title,entity_type,jurisdiction_level,jurisdiction_state,session,congress,chamber,scope,primary_category,sponsor,sponsor_party,sponsor_state,cosponsor_count,committees,introduced_date,last_action_date,lifecycle_status,status,public_law_number,enacted_date,effective_date,responsible_agencies,implementation_status,advance_tier,summary,committee_dynamics,advance_rationale,official_url,last_verified_date,verification_level
ca-sb-1047-2024,CA SB 1047 (2024),Safe and Secure Innovation for Frontier Artificial Intelligence Models Act,bill,state,CA,2023-2024,,State legislature,Core,Frontier-model & national security,Scott Wiener,D,CA,,,2024-02-07,2024-09-29,vetoed,Vetoed by Governor,,,,,,N/A,Would have required developers of covered large AI models and certain compute providers to adopt safeguards and policies intended to prevent catastrophic harm and would have created a state frontier-model oversight body.,The bill passed both chambers but was vetoed; it remains important as the policy precursor to California SB 53.,Final disposition: vetoed.,https://leginfo.legislature.ca.gov/faces/billStatusClient.xhtml?bill_id=202320240SB1047,2026-09-20,Official legislature record and veto message verified.
ca-sb-53-2025,CA SB 53 (2025),Transparency in Frontier Artificial Intelligence Act,law,state,CA,2025-2026,,State legislature,Core,Frontier-model & national security,Scott Wiener,D,CA,,,2025-01-07,2025-09-29,enacted,"Chaptered — Chapter 138, Statutes of 2025",,2025-09-29,2026-01-01,California Office of Emergency Services; California Department of Technology; California Attorney General,in_progress,N/A,"Requires covered large frontier developers to publish safety frameworks, creates critical-safety-incident reporting to the state, protects specified whistleblowers, and establishes CalCompute-related public-compute planning.","California enacted a narrower successor to vetoed SB 1047, emphasizing disclosure, incident reporting, and whistleblower protection.",Enacted state law.,https://leginfo.legislature.ca.gov/faces/billStatusClient.xhtml?bill_id=202520260SB53,2026-09-20,Official legislature and governor sources verified.
co-sb-24-205,CO SB24-205,Consumer Protections for Artificial Intelligence,law,state,CO,2024 Regular Session,,State legislature,Adjacent,High-risk AI governance,Robert Rodriguez,D,CO,,"Senate Judiciary; House State, Civic, Military, and Veterans Affairs",2024-04-10,2024-05-17,enacted,Enacted — Chapter 198,,2024-05-17,2026-02-01,Colorado Attorney General,in_progress,N/A,"Requires developers and deployers of high-risk AI systems to use reasonable care against known or reasonably foreseeable algorithmic-discrimination risks, publish specified disclosures, complete impact assessments, and report certain discovered risks.","Colorado enacted the first broad U.S. state framework centered on consequential high-risk systems; it is included as an adjacent, enforceable risk-management law.",Enacted state law.,https://leg.colorado.gov/bills/sb24-205,2026-09-20,Official legislature source verified.
fy27-house-cjs-approp,FY27-HOUSE-CJS-APPROP,FY2027 House Commerce–Justice–Science Appropriations vehicle,bill,federal,,,,House,Vehicle,Appropriations implementation,,,,,House Appropriations,,2026-06-30,committee_consideration,Committee appropriations vehicle,,,,,,High,"The central implementation lever for NIST and CAISI evaluation, measurement, standards, and national-security testing capacity, including cyber, biosecurity, and chemical-risk work.","Authorization without funding may leave NIST or CAISI duties aspirational. Report language, transfers, rescissions, and final omnibus negotiations require version-specific tracking.","The vehicle directly controls federal evaluation and standards capacity, making it consequential even when policy language is modest.",,2026-09-01,"Vehicle-level source verified; exact bill number, section, and current stage require live refresh"
fy27-house-def-approp,FY27-HOUSE-DEF-APPROP,FY2027 House Defense Appropriations vehicle,bill,federal,,,,House,Vehicle,Appropriations implementation,,,,,House Appropriations,,2026-06-10,committee_consideration,Committee appropriations vehicle,,,,,,High,"Provides funding leverage over Department of Defense AI programs, testing, deployment safeguards, cybersecurity, and implementation of authorization provisions. It can also carry policy restrictions or reporting riders.","Appropriations text and report language can change rapidly between subcommittee, full committee, floor, continuing-resolution, omnibus, and conference stages. Every version should be archived and diffed.",Funding decisions determine whether defense AI safeguards are operational; appropriations remains a must-track implementation vehicle.,,2026-09-01,Vehicle-level source verified; exact bill number and current stage require live refresh
h-r-1736,H.R. 1736,Generative AI Terrorism Risk Assessment Act,bill,federal,,,,House,Core,"Monitoring, disclosure & reporting",August Pfluger,R,TX,3,Homeland Security Committee; Homeland Security and Governmental Affairs Committee,2025-02-27,2025-11-20,committee_advanced,Introduced / referred,,,,,,Medium,"Requires recurring Department of Homeland Security assessments of terrorist use of generative AI, including violent messaging and development or deployment of weapons.","The DHS reporting requirement is straightforward and could move in a homeland-security or authorization package, but it does not itself impose controls on model developers.","A targeted national-security assessment is amendment-friendly, though the standalone bill had not advanced publicly.",https://www.congress.gov/bill/119th-congress/house-bill/1736,2026-09-24,Official API metadata synchronized; human review pending
h-r-3029,H.R. 3029,"To amend the Research and Development, Competition, and Innovation Act to support nucleic acid screening, and for other purposes.",bill,federal,,,,House,Core,"Evaluation, testing & standards",Andrea Salinas,D,OR,3,"Commerce, Science, and Transportation Committee; Science, Space, and Technology Committee",2025-04-28,2026-07-21,committee_advanced,Reported by committee,,,,,,High,"Establishes a NIST-led consortium and technical standards or best practices for custom synthetic nucleic-acid screening, expressly including risks associated with AI. The reported authorization was $5 million annually for FY2026–FY2030.",The bill translates AI-enabled biological risk into a concrete screening and standards program. Reaching the House-report stage gives it a stronger procedural position than most standalone AI bills.,A filed House report and direct national-security/biosecurity rationale make material advancement comparatively likely.,https://www.congress.gov/bill/119th-congress/house-bill/3029,2026-09-24,Official API metadata synchronized; human review pending
h-r-3434,H.R. 3434,Protecting AI and Cloud Competition in Defense Act of 2025,bill,federal,,,,House,Adjacent,"Defense, intelligence & procurement",Pat Fallon,R,TX,3,Armed Services Committee,2025-05-15,2025-05-15,referred,Introduced / referred,,,,,,Medium,"Establishes Department of Defense procurement rules for cloud, data infrastructure, and foundation-model solutions, including security, resilience, competition, and government data interests.",The content is highly compatible with NDAA procurement titles and has a Senate analogue.,Its most realistic pathway is incorporation into NDAA rather than standalone enactment.,https://www.congress.gov/bill/119th-congress/house-bill/3434,2026-09-24,Official API metadata synchronized; human review pending
h-r-3447,H.R. 3447,Chip Security Act,bill,federal,,,,House,Adjacent,"Deterrence, export & foreign-adversary controls",Bill Huizenga,R,MI,42,Foreign Affairs Committee,2025-05-15,2026-03-26,committee_advanced,Introduced / referred,,,,,,Medium,Requires security mechanisms such as location verification and stronger reporting for licensees exporting covered advanced chips.,The bill sits in the same security/export-control lane as the model-theft legislation but had not achieved the latter’s committee vote.,Meaningful cosponsorship and a clear export-enforcement rationale create a plausible committee or package pathway.,https://www.congress.gov/bill/119th-congress/house-bill/3447,2026-09-24,Official API metadata synchronized; human review pending
h-r-3460,H.R. 3460,AI Whistleblower Protection Act,bill,federal,,,,House,Core,"Monitoring, disclosure & reporting",Jay Obernolte,R,CA,7,Education and Workforce Committee,2025-05-15,2025-05-15,referred,Introduced / referred,,,,,,Medium,Protects employees who report AI security vulnerabilities or legal violations and creates Department of Labor complaint and remedy mechanisms.,The labor-law mechanism places the bill outside the principal AI committees. Its sponsor’s leadership role on House Science may help integrate the concept into a wider bipartisan package.,"A concrete accountability mechanism and influential sponsor help, but jurisdiction and the absence of markup constrain the standalone path.",https://www.congress.gov/bill/119th-congress/house-bill/3460,2026-09-24,Official API metadata synchronized; human review pending
h-r-3919,H.R. 3919,Advanced AI Security Readiness Act,bill,federal,,,,House,Core,"Cyber, model & infrastructure security",Darin LaHood,R,IL,7,Intelligence (Permanent Select) Committee,2025-06-11,2025-06-11,referred,Introduced / referred,,,,,,Medium,"Directs NSA’s AI Security Center to develop an AI Security Playbook identifying vulnerabilities, critical components, security levels, and strategies to prevent theft of advanced AI systems and model assets.",The bipartisan intelligence-focused coalition and NSA nexus make the proposal well suited for an intelligence authorization or NDAA even without standalone markup.,National-security salience and an obvious IAA/NDAA landing zone improve prospects beyond the bill’s limited standalone movement.,https://www.congress.gov/bill/119th-congress/house-bill/3919,2026-09-24,Official API metadata synchronized; human review pending
h-r-4142,H.R. 4142,No Adversarial AI Act,bill,federal,,,,House,Adjacent,"Deterrence, export & foreign-adversary controls",John Moolenaar,R,MI,3,Oversight and Government Reform Committee,2025-06-25,2025-06-25,referred,Introduced / referred,,,,,,Medium,"Directs the Federal Acquisition Security Council to create a foreign-adversary AI list and triggers agency review, removal, and procurement restrictions.",The federal procurement mechanism places the bill in Oversight rather than Foreign Affairs or Science. A bicameral companion increases relevance.,"The companion bill and procurement-security rationale help, but no committee action was captured.",https://www.congress.gov/bill/119th-congress/house-bill/4142,2026-09-24,Official API metadata synchronized; human review pending
h-r-5288,H.R. 5288,AI Sovereignty Act,bill,federal,,,,House,Adjacent,"Deterrence, export & foreign-adversary controls",Eugene Vindman,D,VA,2,"Energy and Commerce Committee; Foreign Affairs Committee; Science, Space, and Technology Committee",2025-09-10,2025-09-10,referred,Introduced / triple referral,,,,,,Low,"Addresses strategic AI sovereignty, supply-chain resilience, and domestic capacity in competition with foreign adversaries.",The three-committee referral illustrates fragmented AI jurisdiction and raises coordination costs despite bipartisan sponsorship.,A broad strategic remit and triple referral make standalone movement difficult.,https://www.congress.gov/bill/119th-congress/house-bill/5288,2026-09-24,Official API metadata synchronized; human review pending
h-r-6304,H.R. 6304,AI for America Act,bill,federal,,,,House,Adjacent,"Monitoring, disclosure & reporting",Jennifer Kiggans,R,VA,2,"Energy and Commerce Committee; Science, Space, and Technology Committee",2025-11-25,2025-11-25,referred,Introduced / dual referral,,,,,,Low,"Requires a national AI strategy and a NIST report on internal review, third-party audits, and disclosure practices for detecting security risks and ideological bias.",The bill combines security review with politically contested bias concerns and carries a dual referral.,"No cosponsors or committee movement were captured, and the mixed policy objectives may complicate coalition-building.",https://www.congress.gov/bill/119th-congress/house-bill/6304,2026-09-24,Official API metadata synchronized; human review pending
h-r-6461,H.R. 6461,READ AI Models Act,bill,federal,,,,House,Core,"Monitoring, disclosure & reporting",Sarah McBride,D,DE,10,"Science, Space, and Technology Committee",2025-12-04,2026-06-25,committee_advanced,Committee consideration,,,,,,High,"Creates a NIST pilot for standardized model and data documentation templates, metrics, benchmarks, voluntary consensus standards, and public consultation.",A voluntary documentation design and double-digit cosponsor count fit the House Science Committee’s bipartisan technical-legislation strategy.,Substantial cosponsorship and an active committee pathway make the proposal comparatively easy to package or advance.,https://www.congress.gov/bill/119th-congress/house-bill/6461,2026-09-24,Official API metadata synchronized; human review pending
h-r-6875,H.R. 6875,AI OVERWATCH Act,bill,federal,,,,House,Adjacent,"Deterrence, export & foreign-adversary controls",Brian Mast,R,FL,43,Foreign Affairs Committee,2025-12-18,2026-01-21,committee_advanced,Introduced / referred,,,,,,Medium,"Conditions specified advanced-chip export licenses, requires congressional certification or notification, and provides a legislative disapproval mechanism.","The sponsor chairs Foreign Affairs and the bill has substantial cosponsorship, but export-license architecture can create executive-legislative friction.","Leadership sponsorship and 19 cosponsors provide leverage, even absent a captured markup.",https://www.congress.gov/bill/119th-congress/house-bill/6875,2026-09-24,Official API metadata synchronized; human review pending
h-r-7294,H.R. 7294,AI for Secure Networks Act,bill,federal,,,,House,Core,"Cyber, model & infrastructure security",Robert Menendez,D,NJ,5,Energy and Commerce Committee,2026-01-30,2026-09-16,committee_advanced,Introduced / referred,,,,,,Low,"Directs Commerce and NTIA to study the security benefits and risks of AI in telecommunications, including threat and malware detection, zero trust, resilience, and interoperability.",The measure is relevant to communications and critical-infrastructure security but competes with higher-priority Energy and Commerce AI bills.,"A study bill with limited visible movement is less likely to advance independently, although report language could absorb its objectives.",https://www.congress.gov/bill/119th-congress/house-bill/7294,2026-09-24,Official API metadata synchronized; human review pending
h-r-7696,H.R. 7696,AI Cyber Grid Protection Resilient Development Act of 2026,bill,federal,,,,House,Core,"Cyber, model & infrastructure security",Pablo Hernández,D,CA,2,Homeland Security Committee,2026-02-25,2026-02-26,referred,Introduced; referral needs refresh,,,,,,Low,Supports secure AI and cyber-physical testbeds capable of simulating grid-scale cyberattacks and resilience challenges.,"The policy fits critical-infrastructure and science jurisdictions, but the research snapshot did not capture a reliable committee referral.",No identified markup and incomplete referral metadata make it a lower-probability standalone measure.,https://www.congress.gov/bill/119th-congress/house-bill/7696,2026-09-24,Official API metadata synchronized; human review pending
h-r-8283,H.R. 8283,Deterring American AI Model Theft Act of 2026,bill,federal,,,,House,Adjacent,"Deterrence, export & foreign-adversary controls",Bill Huizenga,R,MI,21,Foreign Affairs Committee,2026-04-15,2026-04-22,committee_advanced,Ordered reported 43–0,,,,,,High,"Creates a process to identify foreign entities that illicitly obtain technical characteristics of closed-source U.S. models and supports Commerce information sharing, sanctions, and export-control responses.","Foreign Affairs demonstrated strong bipartisan agreement, and the China/model-theft framing aligns with committee priorities.","A unanimous 43–0 markup, 20 cosponsors, and a strong national-security frame give the bill unusually strong momentum.",https://www.congress.gov/bill/119th-congress/house-bill/8283,2026-09-24,Official API metadata synchronized; human review pending
h-r-8516,H.R. 8516,American Leadership in AI Act,bill,federal,,,,House,Adjacent,"Governance, preemption & regulatory architecture",Ted Lieu,D,CA,4,"Agriculture Committee; Education and Workforce Committee; Energy and Commerce Committee; Judiciary Committee; Oversight and Government Reform Committee; Science, Space, and Technology Committee; Ways and Means Committee",2026-04-27,2026-04-27,referred,Introduced / seven referrals,,,,,,Low,"Omnibus provisions include a NIST AI standards and security center, safety metrics and adversarial red teaming, federal chief AI officers, procurement safeguards, cyber training, whistleblower protections, and deepfake provisions.",The breadth creates severe jurisdictional complexity. Individual sections may migrate into narrower bipartisan bills even if the omnibus does not move intact.,"Standalone passage is unlikely, but the bill is a high-value source of amendment text.",https://www.congress.gov/bill/119th-congress/house-bill/8516,2026-09-24,Official API metadata synchronized; human review pending
h-r-8800,H.R. 8800,National Defense Authorization Act for Fiscal Year 2027,bill,federal,,,,House,Vehicle,"Defense, intelligence & procurement",Mike Rogers,R,AL,1,"Appropriations Committee; Armed Services Committee; Budget Committee; Education and Workforce Committee; Energy and Commerce Committee; Homeland Security Committee; Intelligence (Permanent Select) Committee; Judiciary Committee; Natural Resources Committee; Oversight and Government Reform Committee; Science, Space, and Technology Committee; Small Business Committee; Transportation and Infrastructure Committee; Veterans' Affairs Committee; Ways and Means Committee",2026-05-13,2026-09-14,committee_advanced,House floor processing,,,,,,High,"The principal House defense-authorization vehicle and a likely landing zone for military AI safeguards, procurement security, model-security reporting, and AI Security Center provisions.","Must-pass status gives the vehicle strong momentum, but individual AI provisions may be added, narrowed, traded, or removed during floor and conference negotiations.",Annual NDAA enactment pressure and active floor processing make material AI-security movement likely.,https://www.congress.gov/bill/119th-congress/house-bill/8800,2026-09-24,Official API metadata synchronized; human review pending
h-r-9333,H.R. 9333,AI Flaw Reporting and Security Enhancement Act,bill,federal,,,,House,Core,"Cyber, model & infrastructure security",Deborah Ross,D,NC,2,"Science, Space, and Technology Committee",2026-06-18,2026-06-25,committee_advanced,Favorably reported 29–0,,,,,,High,"Directs NIST and CISA to create voluntary mechanisms and technical frameworks for reporting and tracking AI vulnerabilities, failures, and flaws, including common definitions and a national database.","The unanimous bipartisan Science Committee vote, voluntary design, and narrow technical remit reduce ideological friction. Implementation still requires coordination between NIST and CISA and eventual funding.","A 29–0 committee vote, bipartisan sponsorship, and a narrow technical design make this one of the strongest standalone candidates.",https://www.congress.gov/bill/119th-congress/house-bill/9333,2026-09-24,Official API metadata synchronized; human review pending
h-r-9363,H.R. 9363,AI Security and Innovation Act,bill,federal,,,,House,Core,"Evaluation, testing & standards",Jay Obernolte,R,CA,7,"Science, Space, and Technology Committee",2026-06-18,2026-06-25,committee_advanced,Favorably reported 29–0,,,,,,High,"Establishes a NIST AI security and innovation center to measure national- and economic-security risks, conduct or facilitate evaluations, support R&D and standards, and collaborate voluntarily with industry.","The sponsor chairs the House Science AI-focused subcommittee, and the bill received unanimous committee support. Its principal vulnerability is implementation funding rather than committee opposition.","Unanimous committee action, bipartisan amendments, leadership sponsorship, and a completed CBO estimate signal unusually mature floor preparation.",https://www.congress.gov/bill/119th-congress/house-bill/9363,2026-09-24,Official API metadata synchronized; human review pending
h-r-9477,H.R. 9477,AI Incident Reporting Act,bill,federal,,,,House,Core,"Monitoring, disclosure & reporting",Nathaniel Moran,R,TX,3,Energy and Commerce Committee,2026-06-25,2026-06-25,referred,Introduced / referred,,,,,,Low,"Requires covered high-risk model developers to report specified autonomy, cybersecurity, and model-weight-theft incidents within seven days. Commerce would receive investigative authority and civil-penalty authority reaching $2 million per violation.","The mandatory reporting and penalty structure gives Energy and Commerce a central role. Its definitions and seven-day clock overlap with, but differ from, FRONTIER and other vulnerability-reporting proposals.","Limited coalition and no committee action make standalone passage difficult, although the reporting concepts are plausible amendment material.",https://www.congress.gov/bill/119th-congress/house-bill/9477,2026-09-24,Official API metadata synchronized; human review pending
h-r-9914,H.R. 9914,Collaboration on Adversarial Threats and Security Risks Act,bill,federal,,,,House,Core,"Governance, preemption & regulatory architecture",Robert Latta,R,OH,22,Judiciary Committee,2026-07-23,2026-07-23,referred,Introduced / referred,,,,,,Medium,Clarifies antitrust treatment of collaboration intended to share information about adversarial threats and security risks involving frontier AI.,"The bill addresses a security-coordination problem through antitrust law, placing it in Judiciary rather than the committees handling most AI standards legislation. Its broad bipartisan original coalition is a meaningful asset.","Eight original cosponsors and cross-party support strengthen prospects, but the bill still needs a Judiciary pathway or attachment to a wider package.",https://www.congress.gov/bill/119th-congress/house-bill/9914,2026-09-24,Official API metadata synchronized; human review pending
h-r-9917,H.R. 9917,AI Kill Switch Act,bill,federal,,,,House,Core,"Cyber, model & infrastructure security",Ted Lieu,D,CA,3,Homeland Security Committee,2026-07-23,2026-07-24,referred,Introduced / referred,,,,,,Medium,Directs development of a shutdown-capability standard and graduated deployment safeguards for covered AI systems.,"The bipartisan sponsor pair helps, but Homeland Security must translate a cross-cutting AI control concept into its jurisdiction and reconcile it with sectoral and developer-focused frameworks.","Bipartisan support and a concrete safeguard create an amendment pathway, though the standalone bill had not received committee action.",https://www.congress.gov/bill/119th-congress/house-bill/9917,2026-09-24,Official API metadata synchronized; human review pending
h-r-9925,H.R. 9925,FRONTIER Act,bill,federal,,,,House,Core,"Monitoring, disclosure & reporting",Jay Obernolte,R,CA,9,"Energy and Commerce Committee; Science, Space, and Technology Committee",2026-07-23,2026-07-23,referred,Introduced / referred,,,,,,Medium,"Creates a federal framework for covered frontier-model developers using compute and developer-size thresholds. It combines risk-management duties, third-party audits, mandatory incident reporting, emergency authority, and targeted state-law preemption with savings clauses.","The dual referral is a major jurisdictional constraint. House Science has moved narrower bipartisan AI-security bills, while Energy and Commerce controls important commercial and enforcement questions. Preemption is likely to be the hardest bargaining issue.","Bipartisan architecture and committee-chair sponsorship make the bill consequential, but its late introduction, dual referral, enforcement design, and preemption language raise substantial transaction costs.",https://www.congress.gov/bill/119th-congress/house-bill/9925,2026-09-24,Official API metadata synchronized; human review pending
ny-s-6953b-2025,NY S6953B,Responsible AI Safety and Education Act,law,state,NY,2025-2026,,State legislature,Core,Frontier-model & national security,Andrew Gounardes,D,NY,,Senate Internet and Technology,2025-03-27,2025-12-19,enacted,Enacted — Chapter 699 of 2025,,2025-12-19,,New York Department of Financial Services; New York Attorney General,planning,N/A,Requires covered frontier-model developers to publish information about safety protocols and report specified critical-harm incidents to New York within 72 hours; it also creates a frontier-model oversight office within the Department of Financial Services.,The final enacted framework was negotiated to emphasize transparency and incident reporting for the largest frontier developers.,Enacted state law.,https://www.nysenate.gov/legislation/bills/2025/S6953/amendment/B,2026-09-20,Official legislature and governor sources verified.
pl-118-159-sec-225,P.L. 118-159 § 225,Defense governing-council duties for advanced AI security,provision,federal,,118th Congress,118,Bicameral,Core,Frontier-model & national security,,,,,House Armed Services; Senate Armed Services,2024-04-18,2024-12-23,enacted,Enacted — Public Law 118-159,118-159,2024-12-23,,Department of Defense; Chief Digital and Artificial Intelligence Officer Governing Council,ongoing,N/A,"Directs the Chief Digital and Artificial Intelligence Officer Governing Council to identify and assess AI models that could pose national-security risk if accessed by an adversary, develop strategies against unauthorized adversary access and use, and recommend legislative or administrative action.",The provision was enacted through the annual defense authorization process.,Enacted law; implementation replaces advancement forecasting.,https://www.govinfo.gov/app/details/PLAW-118publ159,2026-09-20,Official public-law text verified.
pl-118-31-ai-safety,P.L. 118-31 §§ 220-225,FY2024 NDAA artificial-intelligence assurance and security provisions,provision,federal,,118th Congress,118,Bicameral,Vehicle,"Testing, evaluation & assurance",,,,,House Armed Services; Senate Armed Services,2023-04-18,2023-12-22,enacted,Enacted — Public Law 118-31,118-31,2023-12-22,,Department of Defense,unknown,N/A,"A curated group of FY2024 NDAA provisions addressing generative-AI detection and watermarking, responsible-AI processes, explainable military AI, and assessment of model and advanced-AI technologies that could pose national-security risks.",The provisions moved through the annual defense-authorization vehicle rather than as a standalone AI statute.,Enacted law; implementation replaces advancement forecasting.,https://www.govinfo.gov/app/details/PLAW-118publ31,2026-09-20,Official public-law text verified; implementation status requires a dedicated agency review.
pl-119-12-take-it-down,P.L. 119-12,TAKE IT DOWN Act,law,federal,,119th Congress,119,Bicameral,Adjacent,Synthetic-media safety,Ted Cruz,R,TX,,"Senate Commerce, Science, and Transportation; House Energy and Commerce",2025-01-16,2025-05-19,enacted,Enacted — Public Law 119-12; FTC enforcement active,119-12,2025-05-19,,Federal Trade Commission; Department of Justice,enforcing,N/A,"Criminalizes specified nonconsensual publication of intimate visual depictions, including AI-created digital forgeries, and requires covered platforms to operate a notice-and-removal process and remove validly reported content and known identical copies within 48 hours.",The bill passed both chambers and became the first standalone federal law in this starter set with an express operational duty covering AI-generated intimate imagery.,Enacted law; implementation replaces advancement forecasting.,https://www.govinfo.gov/app/details/PLAW-119publ12,2026-09-20,Official law and FTC implementation materials verified.
pl-119-21-sec-50404,P.L. 119-21 § 50404,Transformational artificial-intelligence models for science and engineering,provision,federal,,119th Congress,119,Bicameral,Adjacent,Federal AI capacity,,,,,,2025-05-20,2025-07-04,enacted,Enacted — Public Law 119-21,119-21,2025-07-04,,Department of Energy; National Laboratories,in_progress,N/A,"Directs the Department of Energy to mobilize national laboratories and industry partners to curate scientific data and support transformational AI models, with security and privacy requirements for shared research infrastructure.",The provision moved in a large reconciliation law and is included as adjacent federal capacity with security-relevant data controls.,Enacted law; implementation replaces advancement forecasting.,https://www.govinfo.gov/app/details/PLAW-119publ21,2026-09-20,Official law and DOE implementation material verified.
pl-119-60-ai-institutes,P.L. 119-60 — AI Institutes,National-security artificial-intelligence research institutes,provision,federal,,119th Congress,119,Bicameral,Core,"Testing, evaluation & assurance",,,,,House Armed Services; Senate Armed Services,2025-03-14,2025-12-18,enacted,Enacted — Public Law 119-60,119-60,2025-12-18,,Department of Defense,unknown,N/A,"Authorizes Defense Department AI research institutes that may maintain secure and privacy-protected datasets, develop predeployment testbeds, conduct national-security AI research, and provide compute and technical support.",The authority was enacted through the FY2026 defense authorization vehicle.,Enacted law; implementation replaces advancement forecasting.,https://www.govinfo.gov/app/details/PLAW-119publ60,2026-09-20,Official public-law text verified; implementation status requires follow-up.
s-1633,S. 1633,TEST AI Act of 2025,bill,federal,,,,Senate,Core,"Evaluation, testing & standards",Ben Luján,D,NM,4,"Commerce, Science, and Transportation Committee",2025-05-07,2025-05-07,referred,Introduced / referred,,,,,,Medium,"Requires NIST testbed pilots to assess the feasibility of measurement standards for evaluating AI systems used by federal agencies, coordinated with the Department of Energy through a memorandum of understanding.","The technical, federal-use focus is less contentious than general private-sector regulation and could complement House NIST legislation.","Bipartisan or multi-member support and a narrow standards mission create packaging opportunities, though no committee action was located.",https://www.congress.gov/bill/119th-congress/senate-bill/1633,2026-09-24,Official API metadata synchronized; human review pending
s-1638,S. 1638,Protection Against Foreign Adversarial Artificial Intelligence Act of 2025,bill,federal,,,,Senate,Adjacent,"Deterrence, export & foreign-adversary controls",Bill Cassidy,R,LA,3,"Commerce, Science, and Transportation Committee",2025-05-07,2025-05-07,referred,Introduced / referred,,,,,,Low,"Bars specified DeepSeek or High-Flyer use in federal contracting and directs Commerce analysis of censorship, propaganda, and security threats.",The vendor-specific approach is narrower than a general foreign-adversary list but may become stale as firms or model families change.,Limited movement and a vendor-specific design reduce standalone prospects relative to broader procurement proposals.,https://www.congress.gov/bill/119th-congress/senate-bill/1638,2026-09-24,Official API metadata synchronized; human review pending
s-1754,S. 1754,Preventing PLA Acquisition of United States Technology Act of 2025,bill,federal,,,,Senate,Adjacent,"Deterrence, export & foreign-adversary controls",Jim Banks,R,IN,1,Foreign Relations Committee,2025-05-14,2025-05-14,referred,Introduced / referred,,,,,,Low,"Restricts covered technical and research relationships with Chinese entities of concern in military-civil-fusion priority fields, expressly including AI, and requires disclosure.",The bill is security-adjacent rather than a frontier-model safety framework and must compete with broader China technology packages.,No cosponsors or committee movement were captured in the research snapshot.,https://www.congress.gov/bill/119th-congress/senate-bill/1754,2026-09-24,Official API metadata synchronized; human review pending
s-1775,S. 1775,Protecting AI and Cloud Competition in Defense Act of 2025,bill,federal,,,,Senate,Adjacent,"Defense, intelligence & procurement",Elizabeth Warren,D,MA,1,Armed Services Committee,2025-05-15,2025-05-15,referred,Introduced / referred,,,,,,Medium,"Addresses competitive awards for Defense cloud, data, and foundation-model systems and protects government data rights.",The Senate Armed Services referral creates a direct amendment route into NDAA and a basis for bicameral negotiation with H.R. 3434.,A natural NDAA pathway makes the substance more viable than the standalone status indicates.,https://www.congress.gov/bill/119th-congress/senate-bill/1775,2026-09-24,Official API metadata synchronized; human review pending
s-2177,S. 2177,No Adversarial AI Act,bill,federal,,,,Senate,Adjacent,"Deterrence, export & foreign-adversary controls",Rick Scott,R,FL,1,Homeland Security and Governmental Affairs Committee,2025-06-25,2025-06-25,referred,Introduced / referred,,,,,,Medium,Creates a Senate companion framework for a foreign-adversary AI procurement list and related federal acquisition restrictions.,The Republican sponsor and Democratic ranking member Gary Peters form a strategically important bipartisan pairing within HSGAC.,The committee leadership configuration makes the bill more viable than its raw cosponsor count suggests.,https://www.congress.gov/bill/119th-congress/senate-bill/2177,2026-09-24,Official API metadata synchronized; human review pending
s-2750,S. 2750,SANDBOX Act,bill,federal,,,,Senate,Adjacent,"Governance, preemption & regulatory architecture",Ted Cruz,R,TX,0,"Commerce, Science, and Transportation Committee",2025-09-10,2025-09-10,referred,Introduced / referred,,,,,,Medium,"Creates an OSTP-run AI regulatory sandbox allowing temporary waiver or modification of covered federal rules so AI products or development methods can be tested, while applications address health, safety, and economic risks.","The sponsor chairs Senate Commerce, but waiver authority and the relationship to existing safety rules are politically divisive.","Committee-chair sponsorship creates a real pathway, balanced by controversy over deregulatory waivers.",https://www.congress.gov/bill/119th-congress/senate-bill/2750,2026-09-24,Official API metadata synchronized; human review pending
s-3557,S. 3557,States' Right to Regulate AI Act,bill,federal,,,,Senate,Adjacent,"Governance, preemption & regulatory architecture",Edward Markey,,,10,"Commerce, Science, and Transportation Committee",2025-12-17,2025-12-17,unknown,Metadata refresh required,,,,,,Low,"Would prohibit federal funds from being used to implement the executive order titled “Ensuring a National Policy Framework for Artificial Intelligence,” making it relevant to the federal-state authority and preemption debate.","Its standalone prospects are limited, but the language could become significant if offered as an appropriations rider.",Incomplete metadata and no captured movement lower standalone prospects; rider pathways remain the principal risk.,https://www.congress.gov/bill/119th-congress/senate-bill/3557,2026-09-24,Official API metadata synchronized; human review pending
s-4113,S. 4113,AI Guardrails Act of 2026,bill,federal,,,,Senate,Core,"Defense, intelligence & procurement",Elissa Slotkin,D,MI,0,Armed Services Committee,2026-03-17,2026-03-17,referred,Introduced / referred,,,,,,Low,"Restricts specified high-consequence Department of Defense AI uses, including autonomous launch or detonation of nuclear weapons, and reinforces meaningful human control.",Nuclear-command provisions are politically salient but more likely to move through NDAA negotiations than through a freestanding floor process.,"No public committee movement limits the standalone bill, although discrete guardrail language remains plausible in NDAA negotiations.",https://www.congress.gov/bill/119th-congress/senate-bill/4113,2026-09-24,Official API metadata synchronized; human review pending
s-4615,S. 4615,Intelligence Authorization Act for Fiscal Year 2027,bill,federal,,,,Senate,Vehicle,"Defense, intelligence & procurement",Tom Cotton,R,AR,0,Intelligence (Select) Committee,2026-05-20,2026-08-05,committee_advanced,Reported / Senate calendar,,,,,,High,"Title VII, sections 701–711, addresses AI exploitation and intelligence sharing, targeting review, testing standards, incident tracking, agentic-system access controls, AI Security Center duties, targeting-output labeling, escalation research, adversarial-AI interaction, proliferation and export assessments, the Vulnerabilities Equities Process, and prohibited models.",The mature AI-security title can move with the intelligence authorization itself or be merged into NDAA. Armed Services and Intelligence jurisdiction must be reconciled in the endgame.,"The bill is already reported and on the Senate calendar, with a detailed and coherent AI-security title.",https://www.congress.gov/bill/119th-congress/senate-bill/4615,2026-09-24,Official API metadata synchronized; human review pending
s-4656,S. 4656,Secure and Accountable Military AI Act of 2026,bill,federal,,,,Senate,Core,"Defense, intelligence & procurement",Kirsten Gillibrand,D,NY,0,Armed Services Committee,2026-06-02,2026-06-02,referred,Introduced / referred,,,,,,Medium,"Defines covered military AI security incidents to include model-weight theft or exfiltration, foreign influence, supply-chain compromise, data poisoning or backdoors, and concerning behavior involving offensive cyber capabilities, safeguard evasion, or chemical and biological weapons.",The Armed Services referral creates a direct NDAA pathway. The breadth of covered incidents will require coordination with intelligence-community and civilian incident-reporting regimes.,"The content is NDAA-compatible and addresses concrete security risks, but it had not advanced as a standalone bill.",https://www.congress.gov/bill/119th-congress/senate-bill/4656,2026-09-24,Official API metadata synchronized; human review pending
s-4784,S. 4784,National Defense Authorization Act for Fiscal Year 2027,bill,federal,,,,Senate,Vehicle,"Defense, intelligence & procurement",Roger Wicker,R,MS,0,Armed Services Committee,2026-06-15,2026-07-27,committee_advanced,Reported / calendar-stage vehicle,,,,,,High,"The principal Senate defense-authorization vehicle and a natural receptacle for military AI guardrails, incident reporting, procurement security, autonomous-systems provisions, and AI Security Center concepts.","Conference negotiations with H.R. 8800 will determine which House, Senate, intelligence, and standalone AI provisions survive.",NDAA’s institutional pressure to advance makes it the highest-value defense AI tracking vehicle.,https://www.congress.gov/bill/119th-congress/senate-bill/4784,2026-09-24,Official API metadata synchronized; human review pending
s-5061,S. 5061,Secure A.I. Development Act of 2026,bill,federal,,,,Senate,Core,"Evaluation, testing & standards",Mark Warner,D,VA,0,"Commerce, Science, and Transportation Committee",2026-07-21,2026-07-21,referred,Introduced / referred,,,,,,Medium,"Establishes secure pre-release testing for frontier AI, modernizes vulnerability reporting, reviews AI vulnerabilities under the federal Vulnerabilities Equities Process, and strengthens NSA AI Security Center and laboratory/system-security functions.","Warner brings intelligence and cyber credibility, but Senate Commerce has jurisdiction over the civilian standards and development provisions. The bill may move more readily as intelligence-authorization or NDAA text than as a standalone measure.",Strong national-security framing and natural must-pass vehicles offset the absence of public markup and the need to coordinate Commerce and intelligence equities.,https://www.congress.gov/bill/119th-congress/senate-bill/5061,2026-09-24,Official API metadata synchronized; human review pending
tn-hb-2091-2024,TN HB 2091 (2024),ELVIS Act,law,state,TN,113th General Assembly,,State legislature,Adjacent,Synthetic-media safety,William Lamberth,R,TN,,,2024-01-10,2024-03-21,enacted,Enacted — Public Chapter 588,,2024-03-21,2024-07-01,Tennessee courts,ongoing,N/A,"Expands Tennessee's protected personal rights to include voice and strengthens remedies against unauthorized commercial exploitation of a person's name, image, likeness, or voice, including harms enabled by generative AI and synthetic media.",The measure passed both chambers unanimously and is included as a targeted synthetic-media and impersonation protection.,Enacted state law.,https://wapp.capitol.tn.gov/apps/BillInfo/Default?BillNumber=HB2091&ga=113,2026-09-20,Official legislature source verified.
tx-hb-149-2025,TX HB 149 (2025),Texas Responsible Artificial Intelligence Governance Act,law,state,TX,89th Regular Session,,State legislature,Adjacent,High-risk AI governance,Giovanni Capriglione,R,TX,,House Delivery of Government Efficiency; Senate Business and Commerce,2024-11-12,2025-06-22,enacted,"Enacted; effective January 1, 2026",,2025-06-22,2026-01-01,Texas Attorney General; Texas Department of Information Resources; Texas Artificial Intelligence Council,in_progress,N/A,"Creates a statewide AI governance framework with disclosure duties for specified governmental and health-care uses, prohibitions on certain harmful or unlawful development and deployment, biometric protections, civil penalties, and a state regulatory sandbox.","Texas narrowed an earlier comprehensive proposal but retained enforceable prohibited-use, disclosure, and public-sector provisions.",Enacted state law.,https://capitol.texas.gov/billlookup/History.aspx?Bill=HB149&LegSess=89R,2026-09-20,Official legislature history and enrolled text verified.
